Rank,Player ID,Player,Team,Position(s),ADP,Min Pick,Max Pick,Difference,# Picks,Team,Team Pick
1,20272,"Gibbs, Jahmyr",DET,RB,1.12,1,3,,116,,
2,20271,"Robinson, Bijan",ATL,RB,1.99,1,3,,116,,
3,18775,"Chase, Ja'Marr",CIN,WR,3.14,2,6,,116,,
4,20336,"Nacua, Puka",LA,WR,5.09,2,12,,116,,
5,20273,"Smith-Njigba, Jaxon",SEA,WR,5.68,1,10,,116,,
6,18827,"St. Brown, Amon-Ra",DET,WR,6.11,4,13,,116,,
7,15222,"McCaffrey, Christian",SF,RB,7.68,3,16,,116,,
8,17962,"Taylor, Jonathan",IND,RB,7.88,4,16,,116,,
9,19467,"Cook III, James",BUF,RB,8.70,3,14,,116,,
10,17965,"Lamb, CeeDee",DAL,WR,11.17,5,18,,116,,
11,20292,"Brown, Chase",CIN,RB,11.58,3,16,,116,,
12,17972,"Jefferson, Justin",MIN,WR,11.66,7,20,,116,,
13,22069,"Hampton, Omarion",LAC,RB,14.82,5,21,,116,,
14,19430,"Walker III, Kenneth",KC,RB,15.59,10,22,,116,,
15,16062,"Barkley, Saquon",PHI,RB,15.80,6,23,,116,,
16,20284,"Achane, De'Von",MIA,RB,15.92,7,23,,116,,
17,17004,"Brown, A.J.",NE,WR,16.14,9,26,,116,,
18,19433,"London, Drake",ATL,WR,20.56,8,31,,116,,
19,21123,"Bowers, Brock",LV,TE,20.90,11,28,,116,,
20,15055,"Henry, Derrick",BAL,RB,21.04,12,34,,116,,
21,19437,"Pickens, George",DAL,WR,22.76,1,34,,116,,
22,18836,"Collins, Nico",HOU,WR,22.81,12,31,,116,,
23,19432,"Olave, Chris",NO,WR,23.09,14,41,,116,,
24,22055,"Jeanty, Ashton",LV,RB,23.43,5,131,,115,,
25,21122,"Nabers, Malik",NYG,WR,24.29,13,43,,116,,
26,18778,"Smith, DeVonta",PHI,WR,28.13,18,43,,116,,
27,19439,"McBride, Trey",ARZ,TE,28.47,10,44,,116,,
28,20287,"Rice, Rashee",KC,WR,28.99,21,48,,116,,
29,20288,"Flowers, Zay",BAL,WR,29.95,22,39,,116,,
30,21139,"McConkey, Ladd",LAC,WR,33.24,21,47,,116,,
31,18771,"Williams, Javonte",DAL,RB,33.91,20,51,,116,,
32,18781,"Waddle, Jaylen",DEN,WR,34.78,25,54,,116,,
33,16074,"Allen, Josh",BUF,QB,34.89,5,62,,116,,
34,19431,"Wilson, Garrett",NYJ,WR,35.36,28,56,,116,,
35,22930,"Love, Jeremiyah",ARZ,RB,36.35,18,54,,116,,
36,19450,"Williams, Kyren",LA,RB,36.76,19,52,,116,,
37,22063,"Egbuka, Emeka",TB,WR,37.17,22,59,,116,,
38,17971,"Higgins, Tee",CIN,WR,37.81,25,53,,116,,
39,22059,"McMillan, Tetairoa",CAR,WR,38.13,29,57,,116,,
40,19427,"Hall, Breece",NYJ,RB,39.04,19,69,,116,,
41,22075,"Loveland, Colston",CHI,TE,42.20,23,59,,116,,
42,16134,"Moore, DJ",BUF,WR,42.25,28,63,,116,,
43,18770,"Etienne Jr., Travis",NO,RB,43.05,27,57,,116,,
44,22060,"Burden III, Luther",CHI,WR,43.21,28,71,,116,,
45,17961,"Swift, D'Andre",CHI,RB,47.81,29,70,,116,,
46,19435,"Williams, Jameson",DET,WR,48.13,37,69,,116,,
47,19445,"Watson, Christian",GB,WR,48.81,36,81,,116,,
48,17062,"McLaurin, Terry",WAS,WR,49.08,31,69,,116,,
49,20291,"Washington, Parker",JAX,WR,49.26,27,73,,116,,
50,16998,"Jacobs, Josh",GB,RB,50.12,28,71,,116,,
51,22077,"Skattebo, Cam",NYG,RB,50.75,30,68,,116,,
52,17016,"Montgomery, David",HOU,RB,50.81,26,63,,116,,
53,12729,"Adams, Davante",LA,WR,50.84,32,80,,116,,
54,20335,"Odunze, Rome",CHI,WR,52.98,36,78,,116,,
55,22067,"Warren, Tyler",IND,TE,56.97,32,72,,116,,
56,12686,"Evans, Mike",SF,WR,57.53,37,93,,116,,
57,22062,"Judkins, Quinshon",CLE,RB,58.00,41,79,,116,,
58,22106,"Tuten, Bhayshul",JAX,RB,58.06,30,81,,116,,
59,21136,"Irving, Bucky",TB,RB,58.94,41,83,,116,,
60,22938,"Price, Jadarian",SEA,RB,61.01,49,90,,116,,
61,21121,"Harrison Jr., Marvin",ARZ,WR,62.39,46,85,,116,,
62,22929,"Tate, Carnell",TEN,WR,64.73,48,93,,116,,
63,17968,"Burrow, Joe",CIN,QB,64.79,8,108,,116,,
64,22072,"Henderson, TreVeyon",NE,RB,64.85,47,84,,116,,
65,16081,"Jackson, Lamar",BAL,QB,67.35,13,110,,116,,
66,21125,"Maye, Drake",NE,QB,68.22,11,101,,116,,
67,21133,"Brooks, Jonathon",CAR,RB,68.57,51,94,,116,,
68,18791,"Stevenson, Rhamondre",NE,RB,70.25,49,111,,116,,
69,21131,"Thomas Jr., Brian",JAX,WR,70.49,49,100,,116,,
70,15316,"Godwin Jr., Chris",TB,WR,70.56,46,103,,116,,
71,16066,"Sutton, Courtland",DEN,WR,73.29,42,98,,116,,
72,17002,"Metcalf, DK",PIT,WR,73.40,57,117,,116,,
73,19833,"Warren, Jaylen",PIT,RB,73.90,55,94,,116,,
74,20276,"Johnston, Quentin",LAC,WR,75.15,50,106,,116,,
75,20340,"Wilson, Michael",ARZ,WR,76.54,52,131,,116,,
76,20312,"Kraft, Tucker",GB,TE,80.40,61,106,,116,,
77,17067,"Pollard, Tony",TEN,RB,80.58,47,115,,116,,
78,18789,"Pitts Sr., Kyle",ATL,TE,81.31,45,110,,116,,
79,20278,"Corum, Blake",LA,RB,83.16,66,118,,116,,
80,17995,"Pittman Jr., Michael",PIT,WR,85.31,66,121,,116,,
81,21124,"Williams, Caleb",CHI,QB,85.86,28,142,,116,,
82,18772,"Gainwell, Kenny",TB,RB,86.09,61,117,,116,,
83,22111,"Harvey, RJ",DEN,RB,86.52,66,115,,116,,
84,20283,"Downs, Josh",IND,WR,87.71,66,129,,116,,
85,18036,"Dowdle, Rico",PIT,RB,90.73,67,120,,116,,
86,23066,"Stribling, De'Zhaun",SF,WR,90.94,46,152,,116,,
87,19463,"Pierce, Alec",IND,WR,91.06,69,154,,116,,
88,19460,"Robinson, Wan'Dale",TEN,WR,91.81,62,129,,116,,
89,21126,"Daniels, Jayden",WAS,QB,93.02,46,144,,116,,
90,17976,"Herbert, Justin",LAC,QB,93.04,40,136,,116,,
91,19872,"Mason, Jordan",MIN,RB,93.28,63,119,,116,,
92,20311,"Reed, Jayden",GB,WR,93.35,47,128,,116,,
93,18779,"Lawrence, Trevor",JAX,QB,94.45,38,136,,116,,
94,14553,"Prescott, Dak",DAL,QB,94.68,29,137,,116,,
95,22095,"Fannin Jr., Harold",CLE,TE,94.78,75,127,,116,,
96,22933,"Concepcion, KC",CLE,WR,95.58,61,138,,116,,
97,20339,"LaPorta, Sam",DET,TE,97.26,68,125,,116,,
98,13671,"Diggs, Stefon",WAS,WR,97.72,58,142,,116,,
99,17963,"Dobbins, J.K.",DEN,RB,98.47,51,135,,115,,
100,22085,"Golden, Matthew",GB,WR,99.19,70,138,,116,,
101,17999,"Hurts, Jalen",PHI,QB,101.60,38,151,,116,,
102,20274,"Addison, Jordan",MIN,WR,103.14,68,157,,116,,
103,22932,"Lemon, Makai",PHI,WR,104.08,69,153,,115,,
104,15360,"Kittle, George",SF,TE,106.71,65,137,,116,,
105,22130,"Croskey-Merritt, Jacory",WAS,RB,107.87,75,163,,115,,
106,19455,"Doubs, Romeo",NE,WR,109.37,79,146,,116,,
107,18773,"Hubbard, Chuba",CAR,RB,109.49,72,148,,115,,
108,7697,"Stafford, Matthew",LA,QB,111.47,57,164,,116,,
109,20300,"Kincaid, Dalton",BUF,TE,111.61,84,151,,116,,
110,17061,"Meyers, Jakobi",JAX,WR,112.03,69,146,,116,,
111,22955,"Washington Jr., Mike",LV,RB,112.20,1,164,,114,,
112,19436,"White, Rachaad",WAS,RB,116.53,82,162,,113,,
113,14748,"Goff, Jared",DET,QB,117.35,41,162,,116,,
114,19742,"Purdy, Brock",SF,QB,117.71,58,159,,116,,
115,21128,"Worthy, Xavier",KC,WR,117.92,80,173,,115,,
116,19464,"Likely, Isaiah",NYG,TE,117.95,79,146,,116,,
117,22119,"Monangai, Kyle",CHI,RB,119.13,87,168,,114,,
118,21570,"Coker, Jalen",CAR,WR,119.85,89,163,,116,,
119,20299,"Nix, Bo",DEN,QB,123.83,57,170,,116,,
120,16151,"Goedert, Dallas",PHI,TE,124.73,76,153,,116,,
121,21144,"Lloyd, MarShawn",GB,RB,125.39,81,189,,113,,
122,11842,"Kelce, Travis",KC,TE,125.89,61,158,,116,,
123,19462,"Shakir, Khalil",BUF,WR,126.18,91,168,,116,,
124,15234,"Mahomes, Patrick",KC,QB,126.35,71,174,,116,,
125,19934,"Shaheed, Rashid",SEA,WR,127.63,98,174,,116,,
126,22087,"Dart, Jaxson",NYG,QB,127.92,66,176,,116,,
127,20308,"Rodriguez Jr., Chris",JAX,RB,128.16,95,152,,114,,
128,19441,"Allgeier, Tyler",ARZ,RB,128.75,87,167,,116,,
129,22931,"Tyson, Jordyn",NO,WR,129.91,72,202,,111,,
130,19476,"Ferguson, Jake",DAL,TE,130.10,81,173,,116,,
131,17019,"Samuel Sr., Deebo",SF,WR,130.38,85,168,,116,,
132,22109,"Marks, Woody",HOU,RB,131.87,101,159,,113,,
133,20344,"Mitchell, Keaton",LAC,RB,132.89,96,164,,112,,
134,22941,"Coleman, Jonah",DEN,RB,133.94,98,173,,112,,
135,15392,"Jones Sr., Aaron",MIN,RB,135.99,89,167,,112,,
136,16069,"Mayfield, Baker",TB,QB,137.84,70,202,,116,,
137,17009,"Murray, Kyler",MIN,QB,142.06,65,203,,116,,
138,16075,"Andrews, Mark",BAL,TE,142.35,114,174,,115,,
139,22934,"Boston, Denzel",CLE,WR,143.42,98,204,,113,,
140,17997,"Love, Jordan",GB,QB,145.32,75,218,,116,,
141,2964,"Cowboys, Dallas",DAL,TK,145.40,99,185,,115,,
142,18582,"Johnson, Juwan",NO,TE,146.59,120,184,,115,,
143,4343,"Texans, Houston",HOU,TDSP,146.96,101,188,,116,,
144,22220,"Shough, Tyler",NO,QB,149.37,88,203,,116,,
145,20329,"Spears, Tyjae",TEN,RB,149.96,116,179,,112,,
146,1996,"Rams, Los Angeles (LAR)",LA,TDSP,150.86,102,192,,116,,
147,20357,"Tucker, Tre",LV,WR,156.29,121,184,,114,,
148,19469,"Charbonnet, Zach",SEA,RB,156.66,115,198,,111,,
149,20279,"Bigsby, Tank",PHI,RB,157.84,100,197,,111,,
150,22074,"Harris, Tre'",LAC,WR,158.86,106,225,,112,,
151,19715,"Nailor, Jalen",LV,WR,160.01,105,212,,114,,
152,22099,"Sampson, Dylan",CLE,RB,160.23,108,189,,111,,
153,22959,"Lane, Ja'Kobi",BAL,WR,160.72,113,240,,113,,
154,19458,"Willis, Malik",MIA,QB,161.25,74,220,,115,,
155,22206,"Ferguson, Terrance",LA,TE,161.83,112,225,,111,,
156,21153,"McMillan, Jalen",TB,WR,162.11,54,247,,111,,
157,21183,"Tracy Jr., Tyrone",NYG,RB,162.29,110,307,,112,,
158,23165,"Allen, Cyrus",KC,WR,163.72,89,251,,111,,
159,20425,"Strange, Brenton",JAX,TE,164.25,112,229,,111,,
160,22939,"Johnson, Emmett",KC,RB,164.89,119,215,,111,,
161,1863,"Broncos, Denver",DEN,TDSP,165.66,112,203,,116,,
162,1989,"Seahawks, Seattle",SEA,TDSP,167.84,117,204,,116,,
163,20314,"Wicks, Dontayvion",PHI,WR,168.06,103,225,,113,,
164,19633,"Okonkwo, Chig",WAS,TE,171.32,124,213,,111,,
165,21129,"Mitchell, Adonai",NYJ,WR,171.91,111,220,,113,,
166,16077,"Darnold, Sam",SEA,QB,173.05,56,236,,111,,
167,23064,"Black, Kaelon",SF,RB,173.97,114,245,,111,,
168,21355,"Flournoy, Ryan",DAL,WR,174.03,121,243,,112,,
169,21154,"Washington, Malik",MIA,WR,174.14,103,222,,113,,
170,21151,"Davis, Ray",BUF,RB,175.22,136,231,,111,,
171,20326,"Boutte, Kayshon",HOU,WR,176.45,113,246,,112,,
172,19468,"Robinson, Brian",ATL,RB,176.80,131,229,,111,,
173,21132,"Allen, Braelon",NYJ,RB,178.16,113,233,,111,,
174,11857,"Allen, Keenan",IND,WR,180.26,101,262,,111,,
175,18033,"Jennings, Jauan",MIN,WR,182.27,110,247,,110,,
176,14968,"Henry, Hunter",NE,TE,182.47,133,237,,110,,
177,4345,"Texans, Houston",HOU,TK,182.47,123,227,,115,,
178,17008,"Jones, Daniel",IND,QB,182.93,107,238,,107,,
179,19486,"Pacheco, Isiah",DET,RB,183.87,124,276,,111,,
180,16255,"Schultz, Dalton",HOU,TE,184.10,134,232,,112,,
181,22115,"Bryant, Pat",DEN,WR,186.55,129,296,,111,,
182,23043,"Douglas, Caleb",MIA,WR,187.19,123,256,,112,,
183,1961,"Eagles, Philadelphia",PHI,TDSP,189.45,130,235,,116,,
184,22092,"Blue, Jaydon",DAL,RB,190.05,135,247,,109,,
185,1926,"Patriots, New England",NE,TDSP,190.07,139,226,,116,,
186,1898,"Jaguars, Jacksonville",JAX,TDSP,191.03,112,218,,116,,
187,21169,"Vidal, Kimani",LAC,RB,191.12,119,231,,111,,
188,22952,"Fields, Malachi",NYG,WR,191.84,125,259,,111,,
189,17964,"Jeudy, Jerry",CLE,WR,193.98,138,257,,112,,
190,2980,"Chargers, Los Angeles (LAC)",LAC,TK,194.99,130,242,,115,,
191,1975,"Chargers, Los Angeles (LAC)",LAC,TDSP,197.48,143,233,,116,,
192,22940,"Allen, Kaytron",WAS,RB,199.61,121,275,,110,,
193,15293,"Kamara, Alvin",NO,RB,199.93,137,293,,108,,
194,2982,"Seahawks, Seattle",SEA,TK,200.06,136,237,,115,,
195,1968,"Steelers, Pittsburgh",PIT,TDSP,201.38,155,239,,116,,
196,2969,"Jaguars, Jacksonville",JAX,TK,202.59,130,241,,115,,
197,22134,"TeSlaa, Isaac",DET,WR,205.12,158,267,,108,,
198,17014,"Hockenson, T.J.",MIN,TE,207.79,141,240,,97,,
199,1919,"Vikings, Minnesota",MIN,TDSP,209.32,146,238,,111,,
200,1807,"Ravens, Baltimore",BAL,TDSP,209.76,149,254,,113,,
201,20280,"Stroud, C.J.",HOU,QB,210.34,108,240,,77,,
202,21315,"Barner, AJ",SEA,TE,210.95,162,240,,103,,
203,22101,"Gadsden, Oronde",LAC,TE,211.02,124,278,,90,,
204,22944,"Claiborne, Demond",MIN,RB,212.46,146,296,,107,,
205,22943,"Singleton, Nicholas",TEN,RB,213.21,139,263,,107,,
206,22948,"Cooper Jr., Omar",NYJ,WR,213.81,141,289,,98,,
207,20323,"Dell, Tank",HOU,WR,214.96,119,331,,98,,
208,18826,"Harris, Najee",NYG,RB,215.66,139,352,,107,,
209,21709,"Holani, George",SEA,RB,215.88,131,296,,105,,
210,20310,"Ward, Cam",TEN,QB,217.37,113,237,,74,,
211,22935,"Sadiq, Kenyon",NYJ,TE,217.64,152,263,,92,,
212,22946,"Bell, Chris",MIA,WR,218.02,141,326,,107,,
213,22058,"Hunter, Travis",JAX,WR,219.91,111,287,,101,,
214,19477,"Dulcich, Greg",MIA,TE,221.57,157,239,,90,,
215,2983,"Rams, Los Angeles (LAR)",LA,TK,223.17,148,280,,113,,
216,2981,"49ers, San Francisco",SF,TK,225.82,148,269,,112,,
217,22951,"Branch, Zachariah",ATL,WR,226.53,166,280,,96,,
218,21357,"Vele, Devaughn",NO,WR,226.95,141,303,,100,,
219,2972,"Vikings, Minnesota",MIN,TK,228.66,150,281,,106,,
220,17020,"Hill, Justice",BAL,RB,231.16,150,283,,94,,
221,14802,"Brissett, Jacoby",ARZ,QB,231.52,132,255,,60,,
222,22097,"James, Jordan",SF,RB,231.74,163,307,,98,,
223,20285,"Tucker, Sean",TB,RB,231.86,115,328,,92,,
224,2966,"Lions, Detroit",DET,TK,235.01,151,275,,99,,
225,22956,"Williams, Antonio",WAS,WR,235.28,157,299,,84,,
226,22967,"Hurst III, Ted",TB,WR,236.82,164,313,,92,,
227,15283,"Kupp, Cooper",SEA,WR,236.94,149,288,,86,,
228,22945,"McGowan, Seth",IND,RB,237.53,168,355,,95,,
229,21160,"Wright, Jaylen",MIA,RB,238.44,139,304,,85,,
230,20281,"Young, Bryce",CAR,QB,240.31,118,244,,44,,
231,1842,"Bears, Chicago",CHI,TDSP,242.09,178,255,,75,,
232,22116,"Noel, Jaylin",HOU,WR,243.28,160,345,,91,,
233,16065,"Ridley, Calvin",TEN,WR,244.30,162,345,,78,,
234,1870,"Lions, Detroit",DET,TDSP,246.08,193,281,,77,,
235,5712,"Rodgers, Aaron",PIT,QB,247.30,122,251,,42,,
236,20100,"Davis, Malik",DAL,RB,247.85,169,338,,85,,
237,22123,"Helm, Gunnar",TEN,TE,248.97,186,261,,60,,
238,11818,"Smith, Geno",NYJ,QB,249.36,145,249,,41,,
239,2958,"Ravens, Baltimore",BAL,TK,251.71,159,291,,86,,
240,2871,"Browns, Cleveland",CLE,TDSP,252.54,157,276,,59,,
241,21127,"Franklin, Troy",DEN,WR,252.69,123,326,,60,,
242,1877,"Packers, Green Bay",GB,TDSP,252.77,167,261,,64,,
243,15362,"Perine, Samaje",CIN,RB,254.29,170,306,,75,,
244,22928,"Mendoza, Fernando",LV,QB,255.45,152,272,,35,,
245,2984,"Buccaneers, Tampa Bay",TB,TK,257.06,217,280,,77,,
246,19632,"Otton, Cade",TB,TE,257.09,173,286,,45,,
247,1982,"49ers, San Francisco",SF,TDSP,257.15,171,297,,65,,
248,2973,"Patriots, New England",NE,TK,257.61,167,299,,80,,
249,18169,"Mooney, Darnell",NYG,WR,258.34,157,333,,56,,
250,1828,"Bills, Buffalo",BUF,TDSP,258.53,188,258,,49,,
251,1905,"Chiefs, Kansas City",KC,TDSP,258.54,201,276,,53,,
252,20719,"Demercado, Emari",KC,RB,259.01,154,339,,65,,
253,2968,"Colts, Indianapolis",IND,TK,259.22,168,291,,66,,
254,2979,"Steelers, Pittsburgh",PIT,TK,259.53,163,285,,64,,
255,19960,"Tonges, Jake",SF,TE,259.59,193,311,,64,,
256,2970,"Chiefs, Kansas City",KC,TK,260.45,206,288,,69,,
257,1933,"Saints, New Orleans",NO,TDSP,261.10,147,274,,49,,
258,2962,"Bengals, Cincinnati",CIN,TK,261.55,158,299,,66,,
259,15306,"Conner, James",ARZ,RB,261.89,169,335,,62,,
260,15227,"Njoku, David",LAC,TE,262.42,177,329,,52,,
261,18785,"Bateman, Rashod",BAL,WR,262.62,183,353,,62,,
262,22947,"Bernard, Germie",PIT,WR,262.87,154,348,,65,,
263,18792,"Freiermuth, Pat",PIT,TE,263.22,191,293,,41,,
264,18018,"Parkinson, Colby",LA,TE,263.47,167,300,,44,,
265,1856,"Cowboys, Dallas",DAL,TDSP,263.57,187,271,,47,,
266,17975,"Tagovailoa, Tua",ATL,QB,266.34,151,352,,32,,
267,21130,"Coleman, Keon",BUF,WR,266.55,172,352,,55,,
268,2961,"Bears, Chicago",CHI,TK,266.93,163,300,,55,,
269,1814,"Falcons, Atlanta",ATL,TDSP,267.08,165,272,,37,,
270,1940,"Giants, New York (NYG)",NYG,TDSP,267.48,203,281,,37,,
271,10974,"Cousins, Kirk",LV,QB,267.71,156,315,,30,,
272,2003,"Buccaneers, Tampa Bay",TB,TDSP,268.73,199,295,,41,,
273,15238,"Engram, Evan",DEN,TE,268.96,193,296,,41,,
274,1884,"Titans, Tennessee",TEN,TDSP,270.37,210,322,,47,,
275,20298,"Penix Jr., Michael",ATL,QB,270.39,195,324,,32,,
276,2965,"Broncos, Denver",DEN,TK,271.22,162,306,,49,,
277,21001,"Wilson, Emanuel",SEA,RB,271.62,175,343,,40,,
278,16132,"Kirk, Christian",SF,WR,272.48,157,354,,46,,
279,1891,"Colts, Indianapolis",IND,TDSP,272.60,220,300,,35,,
280,22071,"Gordon II, Ollie",MIA,RB,273.90,198,336,,47,,
281,2967,"Packers, Green Bay",GB,TK,274.51,163,312,,43,,
282,22112,"Bech, Jack",LV,WR,275.31,209,347,,45,,
283,1835,"Panthers, Carolina",CAR,TDSP,275.82,231,291,,30,,
284,22056,"Sanders, Shedeur",CLE,QB,275.96,159,323,,28,,
285,1954,"Raiders, Las Vegas",LV,TDSP,276.87,205,352,,41,,
286,1849,"Bengals, Cincinnati",CIN,TDSP,276.95,209,323,,32,,
287,22969,"Lance, Bryce",NO,WR,278.22,197,359,,42,,
288,15231,"Watson, Deshaun",CLE,QB,278.82,157,353,,30,,
289,22120,"Taylor, Mason",NYJ,TE,278.86,148,335,,29,,
290,2957,"Falcons, Atlanta",ATL,TK,279.12,222,311,,37,,
291,19453,"Tolbert, Jalen",MIA,WR,279.16,200,357,,32,,
292,20341,"Douglas, DeMario",NE,WR,279.20,189,351,,45,,
293,2974,"Saints, New Orleans",NO,TK,279.58,163,312,,37,,
294,22960,"Randall, Adam",BAL,RB,280.18,177,352,,39,,
295,21146,"Pearsall, Ricky",SF,WR,280.19,187,187,,1,,
296,22114,"Higgins, Jayden",HOU,WR,280.26,195,195,,1,,
297,18828,"Carter, Michael",TEN,RB,280.29,199,199,,1,,
298,20790,"Saylors, Jacob",DET,RB,280.37,208,208,,1,,
299,20290,"Tillman, Cedric",CLE,WR,280.49,222,222,,1,,
300,23176,"Coleman Jr., Kevin",MIA,WR,280.59,233,233,,1,,
301,22090,"Allen Jr., LeQuint",JAX,RB,280.88,214,353,,39,,
302,19442,"Pickett, Kenny",CAR,QB,281.03,284,284,,1,,
303,22108,"Johnson, Tez",TB,WR,281.07,245,319,,4,,
304,20304,"Miller, Kendre",NO,RB,281.08,182,356,,37,,
305,21178,"Guerendo, Isaac",SF,RB,281.09,222,351,,2,,
306,22722,"Kiner, Corey",NE,RB,281.23,308,308,,1,,
307,22953,"Henry Jr., Robert",WAS,RB,281.25,236,355,,2,,
308,23141,"Joly, Justin",DEN,TE,281.28,236,358,,2,,
309,21729,"Williams, Isaiah",NYJ,WR,281.30,316,316,,1,,
310,16740,"Hudson, Tanner",CIN,TE,281.38,325,325,,1,,
311,19406,"Ghost, ",FA,TDSP,281.40,327,327,,1,,
312,22267,"Watkins, Jordan",SF,WR,281.41,328,328,,1,,
313,17057,"Dortch, Greg",DET,WR,281.41,329,329,,1,,
314,16149,"Gesicki, Mike",CIN,TE,281.41,126,327,,28,,
315,17012,"Lock, Drew",SEA,QB,281.43,331,331,,1,,
316,20282,"Mayer, Michael",LV,TE,281.47,200,359,,31,,
317,20829,"Scott, Zavier",MIN,RB,281.48,337,337,,1,,
318,22673,"Chism III, Efton",NE,WR,281.53,342,342,,1,,
319,22376,"Howard, Will",PIT,QB,281.53,342,342,,1,,
320,14847,"Shepard, Sterling",HOU,WR,281.54,344,344,,1,,
321,17025,"Minshew II, Gardner",ARZ,QB,281.54,344,344,,1,,
322,15938,"Hill, Taysom",NO,TE,281.55,345,345,,1,,
323,17994,"Ahmed, Salvon",CHI,RB,281.55,345,345,,1,,
324,23475,"Connors, Dean",LA,RB,281.55,345,345,,1,,
325,19101,"Wright, Brock",DET,TE,281.57,347,347,,1,,
326,10144,"Taylor, Tyrod",GB,QB,281.57,347,347,,1,,
327,2959,"Bills, Buffalo",BUF,TK,281.58,237,308,,32,,
328,22272,"Lane, Jaylin",WAS,WR,281.59,349,349,,1,,
329,5266,"Rivers, Philip",IND,QB,281.62,353,353,,1,,
330,22291,"Horn Jr., Jimmy",CAR,WR,281.62,353,353,,1,,
331,15223,"Trubisky, Mitchell",TEN,QB,281.63,354,354,,1,,
332,13582,"Abdullah, Ameer",JAX,RB,281.64,355,355,,1,,
333,18786,"Brown, Dyami",WAS,WR,281.65,356,356,,1,,
334,23159,"Cameron, Josh",JAX,WR,281.66,357,357,,1,,
335,19402,"Holder, Jeff",FA,TK,281.66,357,357,,1,,
336,23249,"King, Haynes",CAR,QB,281.66,357,357,,1,,
337,15896,"Ekeler, Austin",WAS,RB,281.66,357,357,,1,,
338,22623,"Larison, Lan",NE,RB,281.66,358,358,,1,,
339,14911,"Wentz, Carson",MIN,QB,281.66,358,358,,1,,
340,15858,"Ogunbowale, Dare",LV,RB,281.66,358,358,,1,,
341,22336,"Lambert-Smith, KeAndre",LAC,WR,281.67,359,359,,1,,
342,17021,"Fant, Noah",NO,TE,281.67,359,359,,1,,
343,18812,"Fehoko, Simi",ARZ,WR,281.68,360,360,,1,,
344,23192,"Brown, Barion",NO,WR,281.68,360,360,,1,,
345,23013,"Thomas, Zavion",CHI,WR,281.72,214,357,,4,,
346,23189,"Miller, Jam",NE,RB,281.74,280,345,,3,,
347,22128,"Williams, Kyle",NE,WR,281.78,201,360,,33,,
348,21164,"Sinnott, Ben",WAS,TE,281.83,322,336,,2,,
349,18807,"Tremble, Tommy",CAR,TE,281.86,304,358,,2,,
350,21297,"Vaki, Sione",DET,RB,281.96,336,337,,2,,
351,21166,"Gore Jr., Frank",BUF,RB,281.97,325,350,,2,,
352,20305,"Hutchinson, Xavier",HOU,WR,282.01,178,351,,22,,
353,11911,"Juszczyk, Kyle",SF,RB,282.09,335,354,,2,,
354,20303,"Musgrave, Luke",GB,TE,282.09,337,352,,2,,
355,23097,"Thompson, Brenen",LAC,WR,282.10,240,337,,5,,
356,22305,"Mafah, Phil",DAL,RB,282.10,229,358,,4,,
357,19454,"Metchie III, John",CAR,WR,282.11,333,358,,2,,
358,22214,"Felton, Tai",MIN,WR,282.13,345,348,,2,,
359,19491,"Thornton, Tyquan",KC,WR,282.15,207,349,,36,,
360,19625,"Bellinger, Daniel",TEN,TE,282.15,338,357,,2,,
361,21138,"Walker, Devontez",BAL,WR,282.16,343,354,,2,,
362,18719,"Westbrook-Ikhine, Nick",IND,WR,282.22,351,353,,2,,
363,20265,"Kicker, Butt",FA,TK,282.22,349,354,,2,,
364,21167,"Ali, Rasheen",BAL,RB,282.22,348,355,,2,,
365,23226,"Strand, Jack",ATL,QB,282.25,353,354,,2,,
366,17450,"Browning, Jake",TB,QB,282.28,355,355,,2,,
367,22968,"Heidenreich, Eli",PIT,RB,282.28,271,353,,4,,
368,19452,"Dotson, Jahan",ATL,WR,282.34,218,358,,35,,
369,22970,"Delp, Oscar",NO,TE,282.50,318,353,,3,,
370,14714,"Robinson, Demarcus",SF,WR,282.55,222,358,,6,,
371,23104,"Klubnik, Cade",NYJ,QB,282.57,282,351,,4,,
372,21141,"Shipley, Will",PHI,RB,282.59,289,355,,4,,
373,22073,"Williams, Savion",GB,WR,282.59,326,355,,3,,
374,19480,"Austin III, Calvin",NYG,WR,282.62,338,355,,3,,
375,14725,"Hill, Tyreek",MIA,WR,282.64,207,357,,27,,
376,21134,"Estime, Audric",NO,RB,282.68,339,358,,3,,
377,16080,"Rudolph, Mason",PIT,QB,282.71,339,360,,3,,
378,22958,"Klare, Max",LA,TE,282.71,343,354,,3,,
379,22950,"Daniels, CJ",LA,WR,282.75,229,358,,5,,
380,23074,"Hibner, Matt",BAL,TE,282.76,335,360,,3,,
381,2978,"Eagles, Philadelphia",PHI,TK,282.78,160,313,,30,,
382,20247,"Turpin, KaVontae",DAL,WR,282.82,245,359,,6,,
383,22124,"Hunter, Jarquez",MIA,RB,282.82,189,360,,18,,
384,20479,"Bennett IV, Stetson",LA,QB,282.84,347,358,,3,,
385,21413,"Rattler, Spencer",NO,QB,282.84,310,353,,4,,
386,21168,"McCaffrey, Luke",WAS,WR,282.87,316,344,,4,,
387,17034,"Singletary, Devin",NYG,RB,282.92,162,351,,29,,
388,15357,"Dobbs, Joshua",DET,QB,282.94,350,360,,3,,
389,22094,"Etienne, Trevor",CAR,RB,282.97,248,359,,5,,
390,13738,"Waller, Darren",CAR,TE,282.99,160,350,,31,,
391,20334,"Johnson, Roschon",CHI,RB,283.09,228,357,,15,,
392,2010,"Commanders, Washington",WAS,TDSP,283.09,244,337,,27,,
393,21143,"Sanders, Ja'Tavion",CAR,TE,283.12,329,356,,4,,
394,19429,"Burks, Treylon",WAS,WR,283.20,261,351,,7,,
395,11816,"Ertz, Zach",WAS,TE,283.28,342,350,,4,,
396,21389,"Whittington, Jordan",LA,WR,283.34,251,359,,6,,
397,22096,"Giddens, DJ",IND,RB,283.36,200,355,,30,,
398,17022,"Stidham, Jarrett",DEN,QB,283.38,345,355,,4,,
399,17983,"Aiyuk, Brandon",SF,WR,283.41,222,357,,19,,
400,20294,"Richardson Sr., Anthony",IND,QB,283.59,272,354,,6,,
401,12688,"Beckham Jr., Odell",NYG,WR,283.70,236,359,,12,,
402,1947,"Jets, New York (NYJ)",NYJ,TDSP,283.84,231,352,,29,,
403,1912,"Dolphins, Miami",MIA,TDSP,284.00,249,352,,25,,
404,15281,"Hunt, Kareem",KC,RB,284.00,138,350,,19,,
405,23080,"Young, Colbie",CIN,WR,284.04,229,360,,11,,
406,15542,"Mullens, Nick",JAX,QB,284.10,345,357,,5,,
407,20814,"Bagent, Tyson",CHI,QB,284.19,322,358,,6,,
408,16562,"Allen, Kyle",BUF,QB,284.27,313,349,,7,,
409,21408,"Milton III, Joe",DAL,QB,284.29,310,356,,7,,
410,20337,"Iosivas, Andrei",CIN,WR,284.33,226,341,,32,,
411,17512,"Slayton, Darius",NYG,WR,284.36,204,356,,30,,
412,20954,"Brooks, Chris",GB,RB,284.50,217,359,,32,,
413,2976,"Giants, New York (NYG)",NYG,TK,284.60,226,352,,32,,
414,22061,"Bond, Isaiah",CLE,WR,284.63,326,359,,7,,
415,13530,"Mariota, Marcus",WAS,QB,284.65,336,360,,6,,
416,18922,"Mills, Davis",HOU,QB,284.70,297,360,,7,,
417,22954,"Brazzell II, Chris",CAR,WR,284.72,348,356,,6,,
418,15671,"Bourne, Kendrick",ARZ,WR,284.81,249,355,,12,,
419,2985,"Titans, Tennessee",TEN,TK,284.83,239,319,,30,,
420,22098,"Johnson, Kaleb",PIT,RB,284.86,222,353,,16,,
421,19482,"Kolar, Charlie",LAC,TE,284.90,199,355,,18,,
422,14572,"Raymond, Kalif",CHI,WR,285.19,239,360,,10,,
423,22121,"Arroyo, Elijah",SEA,TE,285.27,235,352,,32,,
424,22957,"Bell, Skyler",BUF,WR,285.34,214,360,,25,,
425,22117,"Smith, Brashard",KC,RB,285.35,240,351,,12,,
426,23172,"Benson, Malik",LV,WR,285.40,207,359,,12,,
427,21135,"Benson, Trey",ARZ,RB,285.41,208,360,,14,,
428,21295,"All Jr., Erick",CIN,TE,285.44,330,358,,8,,
429,22104,"Neal, Devin",NO,RB,285.68,332,359,,8,,
430,14743,"Higbee, Tyler",LA,TE,285.78,286,358,,10,,
431,22269,"Dike, Chimere",TEN,WR,285.93,181,358,,26,,
432,21161,"Davis, Isaiah",NYJ,RB,286.16,210,358,,31,,
433,20845,"DeVito, Tommy",NE,QB,286.31,340,360,,9,,
434,17170,"Zaccheaus, Olamide",ATL,WR,286.47,330,359,,10,,
435,18624,"Huntley, Tyler",BAL,QB,286.53,296,360,,11,,
436,18802,"Atwell, Tutu",LA,WR,286.61,226,360,,15,,
437,22300,"Brooks, Tahj",CIN,RB,286.80,207,353,,29,,
438,1821,"Cardinals, Arizona",ARZ,TDSP,286.85,244,351,,22,,
439,21148,"Wilson, Roman",PIT,WR,286.91,299,359,,12,,
440,18862,"Palmer, Joshua",BUF,WR,286.94,233,360,,14,,
441,18783,"Fields, Justin",KC,QB,287.09,253,359,,22,,
442,23003,"Beck, Carson",ARZ,QB,287.15,244,356,,28,,
443,20301,"Washington, Darnell",PIT,TE,287.22,258,346,,28,,
444,15319,"Smith, Jonnu",GB,TE,287.51,300,356,,13,,
445,2986,"Commanders, Washington",WAS,TK,287.54,290,336,,28,,
446,17007,"Brown, Hollywood",PHI,WR,287.57,198,348,,30,,
447,22936,"Simpson, Ty",LA,QB,287.71,312,357,,15,,
448,22942,"Stowers, Eli",PHI,TE,287.73,238,352,,24,,
449,21171,"Horton, Tory",SEA,WR,287.77,185,354,,32,,
450,2977,"Raiders, Las Vegas",LV,TK,287.84,235,358,,32,,
451,2956,"Cardinals, Arizona",ARZ,TK,287.88,284,340,,28,,
452,21181,"Johnson, Theo",NYG,TE,288.05,210,355,,26,,
453,21150,"McCarthy, J.J.",MIN,QB,288.16,272,359,,15,,
454,23050,"Raridon, Eli",NE,TE,288.38,203,354,,23,,
455,21137,"Legette, Xavier",CAR,WR,288.91,292,358,,18,,
456,20293,"Mims Jr., Marvin",DEN,WR,288.99,302,360,,17,,
457,22091,"Ayomanor, Elic",TEN,WR,289.21,237,359,,26,,
458,15355,"Hollins, Mack",NE,WR,289.26,256,360,,18,,
459,18800,"Jones, Mac",SF,QB,289.31,220,360,,26,,
460,7090,"Flacco, Joe",CIN,QB,289.36,294,358,,18,,
461,17088,"Knox, Dawson",BUF,TE,289.66,257,349,,28,,
462,2971,"Dolphins, Miami",MIA,TK,289.72,290,347,,27,,
463,22949,"Sarratt, Elijah",BAL,WR,289.91,200,360,,23,,
464,17046,"Johnson, Ty",BUF,RB,289.99,232,360,,30,,
465,2975,"Jets, New York (NYJ)",NYJ,TK,290.41,259,359,,28,,
466,19128,"Gray, Noah",KC,TE,290.46,281,360,,18,,
467,2963,"Browns, Cleveland",CLE,TK,290.60,275,359,,24,,
468,18010,"Kmet, Cole",CHI,TE,290.73,289,357,,24,,
469,13529,"Winston, Jameis",NYG,QB,290.76,303,360,,22,,
470,2960,"Panthers, Carolina",CAR,TK,290.84,293,348,,28,,